time,player_id,kill,assist
0,0,0,0
1,0,0,0
2,0,0,0
3,0,0,0
4,0,0,0
5,0,0,0
6,0,0,0
7,0,0,0
8,0,0,0
9,0,0,0
10,0,0,0
11,0,0,0
12,0,0,0
13,0,0,0
14,0,0,0
15,0,0,0
16,0,0,0
17,0,0,0
18,0,0,0
19,0,0,0
20,0,0,0
21,0,0,0
22,0,0,0
23,0,0,0
24,0,0,0
25,0,0,0
26,0,0,0
27,0,0,0
28,0,0,0
29,0,0,0
30,0,0,0
31,0,0,0
32,0,0,0
33,0,0,0
34,0,0,0
35,0,0,0
36,0,0,0
37,0,0,0
38,0,0,0
39,0,0,0
40,0,0,0
41,0,0,0
42,0,0,0
43,0,0,0
44,0,0,0
45,0,0,0
46,0,0,0
47,0,0,0
48,0,0,0
49,0,0,0
50,0,0,0
51,0,0,0
52,0,0,0
53,0,0,0
54,0,0,0
55,0,0,0
56,0,0,0
57,0,0,0
58,0,0,0
59,0,0,0
60,0,0,0
61,0,0,0
62,0,0,0
63,0,0,0
64,0,0,0
65,0,0,0
66,0,0,0
67,0,0,0
68,0,0,0
69,0,0,0
70,0,0,0
71,0,0,0
72,0,0,0
73,0,0,0
74,0,0,0
75,0,0,0
76,0,0,0
77,0,0,0
78,0,0,0
79,0,0,0
80,0,0,0
81,0,0,0
82,0,0,0
83,0,0,0
84,0,0,0
85,0,0,0
86,0,0,0
87,0,0,0
88,0,0,0
89,0,0,0
90,0,0,0
91,0,0,0
92,0,0,0
93,0,0,0
94,0,0,0
95,0,0,0
96,0,0,0
97,0,0,0
98,0,0,0
99,0,0,0
100,0,0,0
101,0,0,0
102,0,0,0
103,0,0,0
104,0,0,0
105,0,0,0
106,0,0,0
107,0,0,0
108,0,0,0
109,0,0,0
110,0,0,0
111,0,0,0
112,0,0,0
113,0,0,0
114,0,0,0
115,0,0,0
116,0,0,0
117,0,0,0
118,0,0,0
119,0,0,0
120,0,0,0
121,0,0,0
122,0,0,0
123,0,0,0
124,0,0,0
125,0,0,0
126,0,0,0
127,0,0,0
128,0,0,0
129,0,0,0
130,0,0,0
131,0,0,0
132,0,0,0
133,0,0,0
134,0,0,0
135,0,0,0
136,0,0,0
137,0,0,0
138,0,0,0
139,0,0,0
140,0,0,0
141,0,0,0
142,0,0,0
143,0,0,0
144,0,0,0
145,0,0,0
146,0,0,0
147,0,0,0
148,0,0,0
149,0,0,0
150,0,0,0
151,0,0,0
152,0,0,0
153,0,0,0
154,0,0,0
155,0,0,0
156,0,0,0
157,0,0,0
158,0,0,0
159,0,0,0
160,0,0,0
161,0,0,0
162,0,0,0
163,0,0,0
164,0,0,0
165,0,0,0
166,0,0,0
167,0,0,0
168,0,0,0
169,0,0,0
170,0,0,0
171,0,0,0
172,0,0,0
173,0,0,0
174,0,0,0
175,0,0,0
176,0,0,0
177,0,0,0
178,0,0,0
179,0,0,0
180,0,0,0
181,0,0,0
182,0,0,0
183,0,0,0
184,0,0,0
185,0,0,0
186,0,1,0
187,0,0,0
188,0,0,0
189,0,0,0
190,0,0,0
191,0,0,0
192,0,0,0
193,0,0,0
194,0,0,0
195,0,0,0
196,0,0,0
197,0,0,0
198,0,0,0
199,0,0,0
200,0,0,0
201,0,0,0
202,0,0,0
203,0,0,0
204,0,0,0
205,0,0,0
206,0,0,0
207,0,0,0
208,0,0,0
209,0,0,0
210,0,0,0
211,0,0,0
212,0,0,0
213,0,0,0
214,0,0,0
215,0,0,0
216,0,0,0
217,0,0,0
218,0,0,0
219,0,0,0
220,0,0,0
221,0,0,0
222,0,0,0
223,0,0,0
224,0,0,0
225,0,0,0
226,0,0,0
227,0,0,0
228,0,0,0
229,0,0,0
230,0,0,0
231,0,0,0
232,0,0,0
233,0,0,0
234,0,0,0
235,0,0,0
236,0,0,0
237,0,0,0
238,0,0,0
239,0,0,0
240,0,0,0
241,0,0,0
242,0,0,0
243,0,0,0
244,0,0,0
245,0,0,0
246,0,0,0
247,0,0,0
248,0,0,0
249,0,0,0
250,0,0,0
251,0,0,0
252,0,0,0
253,0,1,0
254,0,0,0
255,0,0,0
256,0,0,0
257,0,0,0
258,0,0,0
259,0,0,0
260,0,0,0
261,0,1,0
262,0,0,0
263,0,0,0
264,0,0,0
265,0,0,0
266,0,0,0
267,0,0,0
268,0,0,0
269,0,0,0
270,0,0,0
271,0,0,0
272,0,0,0
273,0,0,0
274,0,0,0
275,0,0,0
276,0,0,0
277,0,0,0
278,0,0,0
279,0,0,0
280,0,0,0
281,0,0,0
282,0,0,0
283,0,0,0
284,0,0,0
285,0,0,0
286,0,0,0
287,0,0,0
288,0,0,0
289,0,0,0
290,0,0,0
291,0,0,0
292,0,0,0
293,0,0,0
294,0,0,0
295,0,0,0
296,0,0,0
297,0,0,0
298,0,0,0
299,0,0,0
300,0,0,0
301,0,0,0
302,0,0,0
303,0,0,0
304,0,1,0
305,0,0,0
306,0,0,0
307,0,0,0
308,0,0,0
309,0,0,0
310,0,0,0
311,0,0,0
312,0,0,0
313,0,0,0
314,0,0,0
315,0,0,0
316,0,0,0
317,0,0,0
318,0,0,0
319,0,0,0
320,0,0,0
321,0,0,0
322,0,0,0
323,0,0,0
324,0,0,0
325,0,0,0
326,0,0,0
327,0,0,0
328,0,1,0
329,0,0,0
330,0,0,0
331,0,0,0
332,0,0,0
333,0,0,0
334,0,0,0
335,0,0,0
336,0,0,0
337,0,0,0
338,0,0,0
339,0,0,0
340,0,0,0
341,0,0,0
342,0,0,0
343,0,0,0
344,0,0,0
345,0,0,0
346,0,0,0
347,0,0,0
348,0,0,0
349,0,0,0
350,0,0,0
351,0,0,0
352,0,0,0
353,0,0,0
354,0,0,0
355,0,0,0
356,0,0,0
357,0,0,0
358,0,0,0
359,0,0,0
360,0,0,0
361,0,0,0
362,0,0,0
363,0,0,0
364,0,0,0
365,0,0,0
366,0,0,0
367,0,0,0
368,0,0,0
369,0,0,0
370,0,0,0
371,0,0,0
372,0,0,0
373,0,0,0
374,0,0,0
375,0,0,0
376,0,0,0
377,0,0,0
378,0,0,0
379,0,0,0
380,0,0,0
381,0,0,0
382,0,0,0
383,0,0,0
384,0,0,0
385,0,0,0
386,0,0,0
387,0,0,0
388,0,0,0
389,0,0,0
390,0,1,0
391,0,0,0
392,0,1,0
393,0,0,0
394,0,0,0
395,0,0,0
396,0,0,0
397,0,0,0
398,0,0,0
399,0,0,0
400,0,0,0
401,0,0,0
402,0,0,0
403,0,0,0
404,0,0,0
405,0,0,0
406,0,0,0
407,0,0,0
408,0,0,0
409,0,0,0
410,0,0,0
411,0,0,0
412,0,0,0
413,0,0,0
414,0,0,0
415,0,0,0
416,0,0,0
417,0,0,0
418,0,0,0
419,0,0,0
420,0,0,0
421,0,0,0
422,0,0,0
423,0,0,0
424,0,0,0
425,0,0,0
426,0,0,0
427,0,0,0
428,0,0,0
429,0,0,0
430,0,0,0
431,0,0,0
432,0,0,0
433,0,0,0
434,0,0,0
435,0,0,0
436,0,0,0
437,0,0,0
438,0,0,0
439,0,0,0
440,0,0,0
441,0,0,0
442,0,0,0
443,0,0,0
444,0,0,0
445,0,1,0
446,0,0,0
447,0,0,0
448,0,0,0
449,0,0,0
450,0,0,0
451,0,0,0
452,0,0,0
453,0,0,0
454,0,0,0
455,0,1,0
456,0,0,0
457,0,0,0
458,0,0,0
459,0,0,0
460,0,0,0
461,0,0,0
462,0,0,0
463,0,0,0
464,0,0,0
465,0,0,0
466,0,0,0
467,0,0,0
468,0,0,0
469,0,0,0
470,0,0,0
471,0,0,0
472,0,0,0
473,0,0,0
474,0,0,0
475,0,0,0
476,0,0,0
477,0,0,0
478,0,0,0
479,0,0,0
480,0,0,0
481,0,0,0
482,0,0,0
483,0,0,0
484,0,0,0
485,0,0,0
486,0,0,0
487,0,0,0
488,0,0,0
489,0,0,0
490,0,0,0
491,0,0,0
492,0,0,0
493,0,0,0
494,0,0,0
495,0,0,0
496,0,0,0
497,0,0,0
498,0,1,0
499,0,0,0
500,0,0,0
501,0,0,0
502,0,0,0
503,0,0,0
504,0,0,0
505,0,0,0
506,0,0,0
507,0,0,0
508,0,0,0
509,0,0,0
510,0,1,0
511,0,0,0
512,0,0,0
513,0,0,0
514,0,0,0
515,0,0,0
516,0,0,0
517,0,0,0
518,0,0,0
519,0,0,0
520,0,0,0
521,0,0,0
522,0,0,0
523,0,0,0
524,0,0,0
525,0,0,0
526,0,0,0
527,0,0,0
528,0,0,0
529,0,0,0
530,0,0,0
531,0,0,0
532,0,0,0
533,0,0,0
534,0,0,0
535,0,0,0
536,0,0,0
537,0,0,0
538,0,0,0
539,0,0,0
540,0,0,0
541,0,0,0
542,0,0,0
543,0,0,0
544,0,0,0
545,0,0,0
546,0,0,0
547,0,0,0
548,0,0,0
549,0,0,0
550,0,0,0
551,0,0,0
552,0,0,0
553,0,0,0
554,0,0,0
555,0,0,0
556,0,0,0
557,0,0,0
558,0,0,0
559,0,0,0
560,0,0,0
561,0,0,0
562,0,0,0
563,0,0,0
564,0,1,0
565,0,0,0
566,0,0,0
567,0,0,0
568,0,0,0
569,0,0,0
570,0,0,0
571,0,0,0
572,0,0,1
573,0,0,0
574,0,0,0
575,0,0,0
576,0,0,0
577,0,0,0
578,0,0,0
579,0,0,0
580,0,0,0
581,0,0,0
582,0,0,0
583,0,0,0
584,0,0,0
585,0,0,0
586,0,0,0
587,0,0,0
588,0,0,0
589,0,0,0
590,0,0,0
591,0,0,0
592,0,0,0
593,0,0,0
594,0,0,0
595,0,0,0
596,0,0,0
597,0,0,0
598,0,0,0
599,0,0,0
600,0,0,0
601,0,0,0
602,0,0,0
603,0,0,0
604,0,0,0
605,0,0,0
606,0,0,0
607,0,0,0
608,0,1,0
609,0,0,0
610,0,0,0
611,0,0,0
612,0,0,0
613,0,1,0
614,0,0,0
615,0,0,0
616,0,0,0
617,0,0,0
618,0,0,0
619,0,0,0
620,0,0,0
621,0,0,0
622,0,0,0
623,0,0,0
624,0,0,0
625,0,0,0
626,0,0,0
627,0,0,0
628,0,0,0
629,0,0,0
630,0,0,0
631,0,0,0
632,0,0,0
633,0,0,0
634,0,0,0
635,0,0,0
636,0,0,0
637,0,0,0
638,0,0,0
639,0,0,0
640,0,0,0
641,0,0,0
642,0,0,0
643,0,0,0
644,0,0,0
645,0,0,0
646,0,0,0
647,0,0,0
648,0,0,0
649,0,0,0
650,0,0,0
651,0,0,0
652,0,0,0
653,0,0,0
654,0,0,0
655,0,0,1
656,0,0,0
657,0,0,0
658,0,0,0
659,0,0,0
660,0,0,0
661,0,1,0
662,0,0,0
663,0,0,0
664,0,0,0
665,0,0,0
666,0,0,0
667,0,0,0
668,0,0,0
669,0,0,0
670,0,0,0
671,0,0,0
672,0,0,0
673,0,0,0
674,0,0,0
675,0,0,0
676,0,0,0
677,0,0,0
678,0,1,0
679,0,0,0
680,0,0,0
681,0,0,0
682,0,0,0
683,0,0,0
684,0,0,0
685,0,0,0
686,0,0,1
687,0,0,0
688,0,0,1
689,0,0,0
690,0,0,0
691,0,0,0
692,0,0,0
693,0,0,0
694,0,1,0
695,0,0,0
696,0,0,0
697,0,0,0
698,0,0,0
699,0,0,0
700,0,0,0
701,0,0,0
702,0,0,0
703,0,0,0
704,0,0,0
705,0,0,0
706,0,0,0
707,0,1,0
708,0,0,0
709,0,0,0
710,0,0,0
711,0,0,0
712,0,0,0
713,0,0,0
714,0,1,0
715,0,0,0
716,0,0,0
717,0,0,1
718,0,0,0
719,0,0,0
720,0,0,1
0,1,0,0
1,1,0,0
2,1,0,0
3,1,0,0
4,1,0,0
5,1,0,0
6,1,0,0
7,1,0,0
8,1,0,0
9,1,0,0
10,1,0,0
11,1,0,0
12,1,0,0
13,1,0,0
14,1,0,0
15,1,0,0
16,1,0,0
17,1,0,0
18,1,0,0
19,1,0,0
20,1,0,0
21,1,0,0
22,1,0,0
23,1,0,0
24,1,0,0
25,1,0,0
26,1,0,0
27,1,0,0
28,1,0,0
29,1,0,0
30,1,0,0
31,1,0,0
32,1,0,0
33,1,0,0
34,1,0,0
35,1,0,0
36,1,0,0
37,1,0,0
38,1,0,0
39,1,0,0
40,1,0,0
41,1,0,0
42,1,0,0
43,1,0,0
44,1,0,0
45,1,0,0
46,1,0,0
47,1,0,0
48,1,0,0
49,1,0,0
50,1,0,0
51,1,0,0
52,1,0,0
53,1,0,0
54,1,0,0
55,1,0,0
56,1,0,0
57,1,0,0
58,1,0,0
59,1,0,0
60,1,0,0
61,1,0,0
62,1,0,0
63,1,0,0
64,1,0,0
65,1,0,0
66,1,0,0
67,1,0,0
68,1,0,0
69,1,0,0
70,1,0,0
71,1,0,0
72,1,0,0
73,1,0,0
74,1,0,0
75,1,0,0
76,1,0,0
77,1,0,0
78,1,0,0
79,1,0,0
80,1,0,0
81,1,0,0
82,1,0,0
83,1,0,0
84,1,0,0
85,1,0,0
86,1,0,0
87,1,0,0
88,1,0,0
89,1,0,0
90,1,0,0
91,1,0,0
92,1,0,0
93,1,0,0
94,1,0,0
95,1,0,0
96,1,0,0
97,1,0,0
98,1,0,0
99,1,0,0
100,1,0,0
101,1,0,0
102,1,0,0
103,1,0,0
104,1,0,0
105,1,0,0
106,1,0,0
107,1,0,0
108,1,0,0
109,1,0,0
110,1,0,0
111,1,0,0
112,1,0,0
113,1,0,0
114,1,0,0
115,1,0,0
116,1,0,0
117,1,0,0
118,1,0,0
119,1,0,0
120,1,0,0
121,1,0,0
122,1,0,0
123,1,0,0
124,1,0,0
125,1,0,0
126,1,0,0
127,1,0,0
128,1,0,0
129,1,0,0
130,1,0,0
131,1,0,0
132,1,0,0
133,1,0,0
134,1,0,0
135,1,0,0
136,1,0,0
137,1,0,0
138,1,0,0
139,1,0,0
140,1,0,0
141,1,0,0
142,1,0,0
143,1,0,0
144,1,0,0
145,1,0,0
146,1,0,0
147,1,0,0
148,1,0,0
149,1,0,0
150,1,0,1
151,1,0,0
152,1,0,0
153,1,0,0
154,1,0,0
155,1,0,0
156,1,0,0
157,1,0,0
158,1,0,0
159,1,0,0
160,1,0,0
161,1,0,0
162,1,0,0
163,1,0,0
164,1,0,0
165,1,0,0
166,1,0,0
167,1,0,0
168,1,0,0
169,1,0,0
170,1,0,0
171,1,0,0
172,1,0,0
173,1,0,0
174,1,0,0
175,1,0,0
176,1,0,0
177,1,0,0
178,1,0,0
179,1,0,0
180,1,0,0
181,1,0,0
182,1,0,0
183,1,0,0
184,1,0,0
185,1,0,0
186,1,0,0
187,1,0,0
188,1,0,0
189,1,0,0
190,1,0,0
191,1,0,0
192,1,0,0
193,1,0,0
194,1,0,0
195,1,0,0
196,1,0,0
197,1,0,0
198,1,0,0
199,1,0,0
200,1,0,0
201,1,0,0
202,1,0,0
203,1,0,0
204,1,0,0
205,1,0,0
206,1,0,0
207,1,0,0
208,1,0,0
209,1,0,0
210,1,0,0
211,1,0,0
212,1,0,0
213,1,0,0
214,1,0,0
215,1,0,0
216,1,0,0
217,1,0,0
218,1,0,0
219,1,0,0
220,1,0,0
221,1,0,0
222,1,0,0
223,1,0,0
224,1,0,0
225,1,0,0
226,1,0,0
227,1,0,0
228,1,0,0
229,1,0,0
230,1,0,0
231,1,0,0
232,1,0,0
233,1,0,0
234,1,0,0
235,1,0,0
236,1,0,0
237,1,0,0
238,1,0,0
239,1,0,0
240,1,0,0
241,1,0,0
242,1,0,0
243,1,0,0
244,1,0,0
245,1,0,0
246,1,0,0
247,1,1,0
248,1,0,0
249,1,0,0
250,1,0,0
251,1,0,0
252,1,0,0
253,1,0,0
254,1,0,0
255,1,0,0
256,1,0,0
257,1,0,0
258,1,0,0
259,1,0,0
260,1,0,0
261,1,0,0
262,1,0,0
263,1,0,0
264,1,0,0
265,1,0,0
266,1,0,0
267,1,0,0
268,1,0,0
269,1,0,0
270,1,0,0
271,1,0,0
272,1,0,0
273,1,0,0
274,1,0,0
275,1,0,0
276,1,0,0
277,1,0,0
278,1,0,0
279,1,0,0
280,1,0,0
281,1,0,0
282,1,0,0
283,1,0,0
284,1,0,0
285,1,0,0
286,1,0,0
287,1,0,0
288,1,0,0
289,1,0,0
290,1,0,0
291,1,0,0
292,1,0,0
293,1,0,0
294,1,0,0
295,1,0,0
296,1,0,0
297,1,0,0
298,1,0,0
299,1,0,0
300,1,0,0
301,1,0,0
302,1,0,0
303,1,0,0
304,1,0,0
305,1,0,0
306,1,0,0
307,1,0,0
308,1,0,0
309,1,0,0
310,1,0,0
311,1,0,0
312,1,0,0
313,1,0,0
314,1,0,0
315,1,0,0
316,1,0,0
317,1,0,0
318,1,0,0
319,1,0,0
320,1,0,0
321,1,0,0
322,1,0,0
323,1,0,0
324,1,0,0
325,1,0,0
326,1,0,0
327,1,0,0
328,1,0,0
329,1,0,0
330,1,0,0
331,1,0,0
332,1,0,0
333,1,0,0
334,1,0,0
335,1,0,0
336,1,0,0
337,1,0,0
338,1,0,0
339,1,0,0
340,1,0,0
341,1,0,0
342,1,0,0
343,1,0,0
344,1,0,0
345,1,0,0
346,1,0,0
347,1,0,0
348,1,0,0
349,1,0,0
350,1,0,0
351,1,0,0
352,1,0,0
353,1,0,0
354,1,0,0
355,1,0,0
356,1,0,0
357,1,0,0
358,1,0,0
359,1,0,0
360,1,0,0
361,1,0,0
362,1,0,0
363,1,0,0
364,1,0,0
365,1,0,0
366,1,0,1
367,1,0,0
368,1,0,0
369,1,0,1
370,1,0,0
371,1,0,0
372,1,0,0
373,1,0,0
374,1,0,0
375,1,0,0
376,1,0,0
377,1,0,0
378,1,0,0
379,1,0,0
380,1,0,0
381,1,0,0
382,1,0,0
383,1,0,0
384,1,0,0
385,1,0,0
386,1,0,0
387,1,0,0
388,1,0,0
389,1,0,0
390,1,0,0
391,1,0,0
392,1,0,0
393,1,0,0
394,1,0,0
395,1,0,0
396,1,0,0
397,1,0,0
398,1,0,0
399,1,0,0
400,1,0,0
401,1,0,0
402,1,0,0
403,1,0,0
404,1,0,0
405,1,0,0
406,1,0,0
407,1,0,0
408,1,0,0
409,1,0,0
410,1,0,0
411,1,0,0
412,1,0,0
413,1,0,0
414,1,0,0
415,1,0,0
416,1,0,0
417,1,0,0
418,1,0,0
419,1,0,0
420,1,0,0
421,1,0,0
422,1,0,0
423,1,0,0
424,1,0,0
425,1,0,0
426,1,0,0
427,1,0,0
428,1,0,1
429,1,0,0
430,1,0,0
431,1,0,0
432,1,0,0
433,1,0,1
434,1,0,0
435,1,0,0
436,1,0,0
437,1,0,0
438,1,0,0
439,1,0,0
440,1,0,0
441,1,0,0
442,1,0,0
443,1,0,0
444,1,0,0
445,1,0,0
446,1,0,0
447,1,0,0
448,1,0,0
449,1,0,0
450,1,0,0
451,1,0,0
452,1,0,0
453,1,0,0
454,1,0,0
455,1,0,0
456,1,0,0
457,1,0,0
458,1,0,0
459,1,0,0
460,1,0,0
461,1,0,0
462,1,0,0
463,1,0,0
464,1,0,0
465,1,0,0
466,1,0,0
467,1,0,0
468,1,0,0
469,1,0,0
470,1,0,0
471,1,0,0
472,1,0,0
473,1,0,0
474,1,0,0
475,1,0,0
476,1,0,0
477,1,0,0
478,1,0,1
479,1,0,0
480,1,0,0
481,1,0,0
482,1,0,0
483,1,0,0
484,1,0,0
485,1,0,0
486,1,0,0
487,1,0,0
488,1,0,0
489,1,0,0
490,1,0,0
491,1,0,0
492,1,0,0
493,1,0,0
494,1,0,0
495,1,0,0
496,1,0,0
497,1,0,0
498,1,0,0
499,1,0,0
500,1,0,0
501,1,0,0
502,1,0,0
503,1,0,0
504,1,0,0
505,1,0,0
506,1,0,0
507,1,0,0
508,1,0,0
509,1,0,0
510,1,0,0
511,1,0,0
512,1,0,0
513,1,0,0
514,1,0,0
515,1,0,1
516,1,0,0
517,1,0,0
518,1,0,0
519,1,0,0
520,1,0,0
521,1,0,0
522,1,0,0
523,1,0,0
524,1,0,0
525,1,1,0
526,1,0,0
527,1,0,0
528,1,0,0
529,1,0,0
530,1,0,0
531,1,0,0
532,1,0,0
533,1,0,0
534,1,0,0
535,1,0,0
536,1,0,0
537,1,0,0
538,1,0,0
539,1,0,0
540,1,0,0
541,1,0,0
542,1,0,0
543,1,0,0
544,1,0,0
545,1,0,0
546,1,0,0
547,1,0,0
548,1,0,0
549,1,0,0
550,1,0,0
551,1,0,0
552,1,0,0
553,1,0,0
554,1,0,0
555,1,0,0
556,1,0,0
557,1,0,0
558,1,0,0
559,1,0,0
560,1,0,0
561,1,0,0
562,1,0,0
563,1,0,0
564,1,0,0
565,1,0,0
566,1,0,0
567,1,0,0
568,1,0,0
569,1,0,0
570,1,0,0
571,1,0,0
572,1,0,0
573,1,0,0
574,1,0,0
575,1,0,0
576,1,0,0
577,1,0,0
578,1,0,0
579,1,0,0
580,1,0,0
581,1,0,0
582,1,0,0
583,1,0,0
584,1,0,0
585,1,0,0
586,1,0,0
587,1,0,0
588,1,0,0
589,1,0,0
590,1,0,0
591,1,0,0
592,1,0,0
593,1,0,0
594,1,0,0
595,1,0,0
596,1,0,0
597,1,0,0
598,1,0,0
599,1,0,0
600,1,0,0
601,1,0,0
602,1,0,0
603,1,0,0
604,1,0,0
605,1,0,0
606,1,0,0
607,1,0,0
608,1,0,0
609,1,0,0
610,1,0,0
611,1,0,0
612,1,0,0
613,1,0,0
614,1,0,0
615,1,0,0
616,1,0,0
617,1,0,0
618,1,0,0
619,1,0,0
620,1,0,0
621,1,0,0
622,1,0,0
623,1,0,0
624,1,0,0
625,1,0,0
626,1,0,0
627,1,0,0
628,1,0,0
629,1,0,0
630,1,0,0
631,1,0,0
632,1,0,0
633,1,0,0
634,1,0,0
635,1,0,0
636,1,0,0
637,1,0,0
638,1,0,0
639,1,0,0
640,1,0,0
641,1,0,0
642,1,0,0
643,1,0,0
644,1,0,0
645,1,0,0
646,1,0,0
647,1,0,0
648,1,0,0
649,1,0,0
650,1,0,0
651,1,0,0
652,1,0,0
653,1,0,0
654,1,0,0
655,1,0,0
656,1,0,0
657,1,0,0
658,1,0,0
659,1,0,0
660,1,0,0
661,1,0,0
662,1,0,0
663,1,0,0
664,1,0,0
665,1,0,0
666,1,0,0
667,1,0,0
668,1,0,0
669,1,0,0
670,1,0,0
671,1,0,0
672,1,0,0
673,1,0,0
674,1,0,0
675,1,0,0
676,1,0,0
677,1,0,0
678,1,0,0
679,1,0,0
680,1,0,0
681,1,0,0
682,1,0,0
683,1,0,0
684,1,0,0
685,1,0,0
686,1,0,1
687,1,0,0
688,1,0,1
689,1,0,0
690,1,0,0
691,1,0,0
692,1,0,0
693,1,0,0
694,1,0,0
695,1,0,0
696,1,0,0
697,1,0,0
698,1,0,0
699,1,0,0
700,1,0,0
701,1,0,0
702,1,0,0
703,1,0,0
704,1,0,0
705,1,0,0
706,1,0,0
707,1,0,0
708,1,0,0
709,1,0,0
710,1,0,0
711,1,0,0
712,1,0,0
713,1,0,0
714,1,0,0
715,1,0,0
716,1,0,0
717,1,0,1
718,1,0,0
719,1,0,0
720,1,0,1
0,2,0,0
1,2,0,0
2,2,0,0
3,2,0,0
4,2,0,0
5,2,0,0
6,2,0,0
7,2,0,0
8,2,0,0
9,2,0,0
10,2,0,0
11,2,0,0
12,2,0,0
13,2,0,0
14,2,0,0
15,2,0,0
16,2,0,0
17,2,0,0
18,2,0,0
19,2,0,0
20,2,0,0
21,2,0,0
22,2,0,0
23,2,0,0
24,2,0,0
25,2,0,0
26,2,0,0
27,2,0,0
28,2,0,0
29,2,0,0
30,2,0,0
31,2,0,0
32,2,0,0
33,2,0,0
34,2,0,0
35,2,0,0
36,2,0,0
37,2,0,0
38,2,0,0
39,2,0,0
40,2,0,0
41,2,0,0
42,2,0,0
43,2,0,0
44,2,0,0
45,2,0,0
46,2,0,0
47,2,0,0
48,2,0,0
49,2,0,0
50,2,0,0
51,2,0,0
52,2,0,0
53,2,0,0
54,2,0,0
55,2,0,0
56,2,0,0
57,2,0,0
58,2,0,0
59,2,0,0
60,2,0,0
61,2,0,0
62,2,0,0
63,2,0,0
64,2,0,0
65,2,0,0
66,2,0,0
67,2,0,0
68,2,0,0
69,2,0,0
70,2,0,0
71,2,0,0
72,2,0,0
73,2,0,0
74,2,0,0
75,2,0,0
76,2,0,0
77,2,0,0
78,2,0,0
79,2,0,0
80,2,0,0
81,2,0,0
82,2,0,0
83,2,0,0
84,2,0,0
85,2,0,0
86,2,0,0
87,2,0,0
88,2,0,0
89,2,0,0
90,2,0,0
91,2,0,0
92,2,0,0
93,2,0,0
94,2,0,0
95,2,0,0
96,2,0,0
97,2,0,0
98,2,0,0
99,2,0,0
100,2,0,0
101,2,0,0
102,2,0,0
103,2,0,0
104,2,0,0
105,2,0,0
106,2,0,0
107,2,0,0
108,2,0,0
109,2,0,0
110,2,0,0
111,2,0,0
112,2,0,0
113,2,0,0
114,2,0,0
115,2,0,0
116,2,0,0
117,2,0,0
118,2,0,0
119,2,0,0
120,2,0,0
121,2,0,0
122,2,0,0
123,2,0,0
124,2,0,0
125,2,0,0
126,2,0,0
127,2,0,0
128,2,0,0
129,2,0,0
130,2,0,0
131,2,0,0
132,2,0,0
133,2,0,0
134,2,0,0
135,2,0,0
136,2,0,0
137,2,0,0
138,2,0,0
139,2,0,0
140,2,0,0
141,2,0,0
142,2,0,0
143,2,0,0
144,2,0,0
145,2,0,0
146,2,0,0
147,2,0,0
148,2,0,0
149,2,0,0
150,2,0,0
151,2,0,0
152,2,0,0
153,2,0,0
154,2,0,0
155,2,0,0
156,2,0,0
157,2,0,0
158,2,0,0
159,2,0,0
160,2,0,0
161,2,0,0
162,2,0,0
163,2,0,0
164,2,0,0
165,2,0,0
166,2,0,0
167,2,0,0
168,2,0,0
169,2,0,0
170,2,0,0
171,2,0,0
172,2,0,0
173,2,0,0
174,2,0,0
175,2,0,0
176,2,0,0
177,2,0,0
178,2,0,0
179,2,0,0
180,2,0,0
181,2,0,0
182,2,0,0
183,2,0,0
184,2,0,0
185,2,0,0
186,2,0,0
187,2,0,0
188,2,0,1
189,2,0,0
190,2,0,0
191,2,0,0
192,2,0,0
193,2,0,0
194,2,0,0
195,2,0,0
196,2,0,0
197,2,0,0
198,2,0,0
199,2,0,0
200,2,0,0
201,2,0,0
202,2,0,0
203,2,0,0
204,2,0,0
205,2,0,0
206,2,0,0
207,2,0,0
208,2,0,0
209,2,0,0
210,2,0,0
211,2,0,0
212,2,0,0
213,2,0,0
214,2,0,0
215,2,0,0
216,2,0,0
217,2,0,0
218,2,0,0
219,2,0,0
220,2,0,0
221,2,0,0
222,2,0,0
223,2,0,0
224,2,0,0
225,2,0,0
226,2,0,0
227,2,0,0
228,2,0,0
229,2,0,0
230,2,0,0
231,2,0,0
232,2,0,0
233,2,0,0
234,2,0,0
235,2,0,0
236,2,0,0
237,2,0,0
238,2,0,0
239,2,0,0
240,2,0,0
241,2,0,0
242,2,0,0
243,2,0,0
244,2,0,0
245,2,0,0
246,2,0,0
247,2,0,0
248,2,0,0
249,2,0,0
250,2,0,0
251,2,0,0
252,2,0,0
253,2,0,0
254,2,0,0
255,2,0,0
256,2,0,0
257,2,0,0
258,2,0,0
259,2,0,0
260,2,0,0
261,2,0,0
262,2,0,0
263,2,0,0
264,2,0,0
265,2,0,0
266,2,0,0
267,2,0,0
268,2,0,0
269,2,0,0
270,2,0,0
271,2,0,0
272,2,0,0
273,2,0,0
274,2,0,0
275,2,0,0
276,2,0,0
277,2,0,0
278,2,0,0
279,2,0,0
280,2,0,0
281,2,0,0
282,2,0,0
283,2,0,0
284,2,0,0
285,2,0,0
286,2,0,0
287,2,0,0
288,2,0,0
289,2,0,0
290,2,0,0
291,2,0,0
292,2,0,0
293,2,0,0
294,2,0,0
295,2,0,0
296,2,0,0
297,2,0,0
298,2,0,0
299,2,0,0
300,2,0,0
301,2,0,0
302,2,0,0
303,2,0,0
304,2,0,0
305,2,0,0
306,2,0,0
307,2,0,0
308,2,0,0
309,2,0,0
310,2,0,0
311,2,0,0
312,2,0,0
313,2,0,0
314,2,0,0
315,2,0,0
316,2,0,0
317,2,0,0
318,2,0,0
319,2,0,0
320,2,0,0
321,2,1,0
322,2,0,0
323,2,0,0
324,2,0,0
325,2,0,0
326,2,0,0
327,2,0,0
328,2,0,0
329,2,0,0
330,2,0,0
331,2,0,0
332,2,0,0
333,2,0,0
334,2,0,0
335,2,0,0
336,2,0,0
337,2,0,0
338,2,0,0
339,2,0,0
340,2,0,0
341,2,0,0
342,2,0,0
343,2,0,0
344,2,0,0
345,2,0,0
346,2,0,0
347,2,0,0
348,2,0,0
349,2,0,0
350,2,0,0
351,2,0,0
352,2,0,0
353,2,0,0
354,2,0,0
355,2,0,0
356,2,0,0
357,2,0,0
358,2,0,0
359,2,0,0
360,2,0,0
361,2,0,0
362,2,0,0
363,2,0,0
364,2,0,0
365,2,0,0
366,2,0,0
367,2,0,0
368,2,0,0
369,2,0,0
370,2,0,0
371,2,0,0
372,2,0,0
373,2,0,0
374,2,0,0
375,2,0,0
376,2,0,0
377,2,0,0
378,2,0,0
379,2,0,0
380,2,0,0
381,2,0,0
382,2,0,0
383,2,0,0
384,2,0,0
385,2,1,0
386,2,0,0
387,2,0,0
388,2,0,0
389,2,0,0
390,2,0,0
391,2,0,0
392,2,0,0
393,2,0,0
394,2,0,0
395,2,0,0
396,2,0,0
397,2,0,0
398,2,0,0
399,2,0,0
400,2,0,0
401,2,0,0
402,2,0,0
403,2,0,0
404,2,0,0
405,2,0,0
406,2,0,0
407,2,0,0
408,2,0,0
409,2,0,0
410,2,0,0
411,2,0,0
412,2,0,0
413,2,0,0
414,2,0,0
415,2,0,0
416,2,0,0
417,2,0,0
418,2,0,0
419,2,0,0
420,2,0,0
421,2,0,0
422,2,0,0
423,2,0,0
424,2,0,0
425,2,0,0
426,2,0,0
427,2,0,0
428,2,0,0
429,2,0,0
430,2,0,0
431,2,0,0
432,2,0,0
433,2,0,0
434,2,0,0
435,2,0,0
436,2,0,0
437,2,0,0
438,2,0,0
439,2,0,0
440,2,0,0
441,2,0,0
442,2,0,0
443,2,0,0
444,2,0,0
445,2,0,0
446,2,0,0
447,2,0,0
448,2,0,0
449,2,0,0
450,2,0,0
451,2,0,0
452,2,0,0
453,2,0,0
454,2,0,0
455,2,0,0
456,2,0,0
457,2,0,0
458,2,0,0
459,2,0,0
460,2,0,0
461,2,0,0
462,2,0,0
463,2,0,0
464,2,0,0
465,2,0,0
466,2,0,0
467,2,0,0
468,2,0,0
469,2,0,0
470,2,0,0
471,2,0,0
472,2,1,0
473,2,0,0
474,2,0,0
475,2,0,0
476,2,0,0
477,2,0,0
478,2,0,0
479,2,0,0
480,2,0,0
481,2,0,0
482,2,0,0
483,2,0,0
484,2,0,0
485,2,0,0
486,2,0,0
487,2,0,0
488,2,0,0
489,2,0,0
490,2,0,0
491,2,0,0
492,2,0,0
493,2,0,0
494,2,0,0
495,2,0,0
496,2,0,0
497,2,0,0
498,2,0,0
499,2,0,0
500,2,0,0
501,2,0,0
502,2,0,0
503,2,0,0
504,2,0,0
505,2,0,0
506,2,0,0
507,2,0,0
508,2,0,0
509,2,0,0
510,2,0,0
511,2,0,0
512,2,0,0
513,2,0,0
514,2,0,0
515,2,0,0
516,2,0,0
517,2,0,0
518,2,0,0
519,2,0,0
520,2,0,0
521,2,0,0
522,2,0,0
523,2,0,0
524,2,0,0
525,2,0,0
526,2,0,0
527,2,0,0
528,2,0,0
529,2,0,0
530,2,0,0
531,2,0,0
532,2,0,0
533,2,0,0
534,2,0,0
535,2,0,0
536,2,0,0
537,2,0,0
538,2,0,0
539,2,0,0
540,2,0,0
541,2,0,0
542,2,0,0
543,2,0,0
544,2,0,0
545,2,0,0
546,2,0,0
547,2,0,0
548,2,0,0
549,2,0,0
550,2,0,0
551,2,0,0
552,2,0,0
553,2,0,0
554,2,0,0
555,2,0,0
556,2,0,0
557,2,0,0
558,2,0,0
559,2,0,0
560,2,0,0
561,2,0,0
562,2,0,0
563,2,0,0
564,2,1,0
565,2,0,0
566,2,0,0
567,2,0,0
568,2,0,0
569,2,0,0
570,2,0,0
571,2,0,0
572,2,0,0
573,2,0,0
574,2,0,0
575,2,0,0
576,2,0,0
577,2,0,0
578,2,0,0
579,2,0,0
580,2,0,0
581,2,0,0
582,2,0,0
583,2,0,0
584,2,0,0
585,2,0,0
586,2,0,0
587,2,0,0
588,2,0,0
589,2,0,0
590,2,0,0
591,2,0,0
592,2,0,0
593,2,0,0
594,2,0,0
595,2,0,0
596,2,0,0
597,2,0,0
598,2,0,0
599,2,0,0
600,2,0,0
601,2,0,0
602,2,0,0
603,2,0,0
604,2,0,0
605,2,0,0
606,2,0,0
607,2,0,0
608,2,0,0
609,2,0,0
610,2,0,0
611,2,0,0
612,2,0,0
613,2,0,0
614,2,0,0
615,2,0,0
616,2,0,0
617,2,0,0
618,2,0,0
619,2,0,0
620,2,0,0
621,2,0,0
622,2,0,0
623,2,0,0
624,2,0,0
625,2,0,0
626,2,0,0
627,2,0,0
628,2,0,0
629,2,0,0
630,2,0,0
631,2,0,0
632,2,0,0
633,2,0,0
634,2,0,0
635,2,0,0
636,2,0,0
637,2,0,0
638,2,0,0
639,2,0,0
640,2,0,0
641,2,0,0
642,2,0,0
643,2,0,0
644,2,0,0
645,2,0,0
646,2,0,0
647,2,0,0
648,2,0,0
649,2,0,0
650,2,0,0
651,2,0,0
652,2,0,0
653,2,0,0
654,2,0,0
655,2,0,0
656,2,0,0
657,2,0,0
658,2,0,0
659,2,0,0
660,2,0,0
661,2,0,0
662,2,0,0
663,2,0,0
664,2,0,0
665,2,0,0
666,2,0,0
667,2,0,0
668,2,0,0
669,2,0,0
670,2,0,0
671,2,0,0
672,2,0,0
673,2,0,0
674,2,0,0
675,2,0,0
676,2,0,0
677,2,0,0
678,2,0,0
679,2,0,0
680,2,0,0
681,2,0,0
682,2,0,0
683,2,0,0
684,2,0,0
685,2,0,0
686,2,0,0
687,2,0,0
688,2,0,0
689,2,0,0
690,2,0,0
691,2,0,0
692,2,0,0
693,2,0,0
694,2,0,1
695,2,0,0
696,2,0,0
697,2,0,0
698,2,0,0
699,2,0,0
700,2,0,0
701,2,0,0
702,2,0,0
703,2,0,0
704,2,0,0
705,2,0,0
706,2,0,0
707,2,0,1
708,2,0,0
709,2,0,0
710,2,0,0
711,2,0,0
712,2,0,0
713,2,0,0
714,2,0,1
715,2,0,0
716,2,0,0
717,2,1,0
718,2,0,0
719,2,0,0
720,2,1,0
0,3,0,0
1,3,0,0
2,3,0,0
3,3,0,0
4,3,0,0
5,3,0,0
6,3,0,0
7,3,0,0
8,3,0,0
9,3,0,0
10,3,0,0
11,3,0,0
12,3,0,0
13,3,0,0
14,3,0,0
15,3,0,0
16,3,0,0
17,3,0,0
18,3,0,0
19,3,0,0
20,3,0,0
21,3,0,0
22,3,0,0
23,3,0,0
24,3,0,0
25,3,0,0
26,3,0,0
27,3,0,0
28,3,0,0
29,3,0,0
30,3,0,0
31,3,0,0
32,3,0,0
33,3,0,0
34,3,0,0
35,3,0,0
36,3,0,0
37,3,0,0
38,3,0,0
39,3,0,0
40,3,0,0
41,3,0,0
42,3,0,0
43,3,0,0
44,3,0,0
45,3,0,0
46,3,0,0
47,3,0,0
48,3,0,0
49,3,0,0
50,3,0,0
51,3,0,0
52,3,0,0
53,3,0,0
54,3,0,0
55,3,0,0
56,3,0,0
57,3,0,0
58,3,0,0
59,3,0,0
60,3,0,0
61,3,0,0
62,3,0,0
63,3,0,0
64,3,0,0
65,3,0,0
66,3,0,0
67,3,0,0
68,3,0,0
69,3,0,0
70,3,0,0
71,3,0,0
72,3,0,0
73,3,0,0
74,3,0,0
75,3,0,0
76,3,0,0
77,3,0,0
78,3,0,0
79,3,0,0
80,3,0,0
81,3,0,0
82,3,0,0
83,3,0,0
84,3,0,0
85,3,0,0
86,3,0,0
87,3,0,0
88,3,0,0
89,3,0,0
90,3,0,0
91,3,0,0
92,3,0,0
93,3,0,0
94,3,0,0
95,3,0,0
96,3,0,0
97,3,0,0
98,3,0,0
99,3,0,0
100,3,0,0
101,3,0,0
102,3,0,0
103,3,0,0
104,3,0,0
105,3,0,0
106,3,0,0
107,3,0,0
108,3,0,0
109,3,0,0
110,3,0,0
111,3,0,0
112,3,0,0
113,3,0,0
114,3,0,0
115,3,0,0
116,3,0,0
117,3,0,0
118,3,0,0
119,3,0,0
120,3,0,0
121,3,0,0
122,3,0,0
123,3,0,0
124,3,0,0
125,3,0,0
126,3,0,0
127,3,0,0
128,3,0,0
129,3,0,0
130,3,0,0
131,3,0,0
132,3,0,0
133,3,0,0
134,3,0,0
135,3,0,0
136,3,0,0
137,3,0,0
138,3,0,0
139,3,0,0
140,3,0,0
141,3,0,0
142,3,0,0
143,3,0,0
144,3,0,0
145,3,0,0
146,3,0,0
147,3,0,0
148,3,0,0
149,3,0,0
150,3,0,0
151,3,0,0
152,3,0,0
153,3,0,0
154,3,0,0
155,3,0,0
156,3,0,0
157,3,0,0
158,3,0,0
159,3,0,0
160,3,0,0
161,3,0,0
162,3,0,0
163,3,0,0
164,3,0,0
165,3,0,0
166,3,0,0
167,3,0,0
168,3,0,0
169,3,0,0
170,3,0,0
171,3,0,0
172,3,0,0
173,3,0,0
174,3,0,0
175,3,0,0
176,3,0,0
177,3,0,0
178,3,0,0
179,3,0,0
180,3,0,0
181,3,0,0
182,3,0,0
183,3,0,0
184,3,0,0
185,3,1,0
186,3,0,0
187,3,0,0
188,3,1,0
189,3,0,0
190,3,0,0
191,3,0,0
192,3,0,0
193,3,0,0
194,3,0,0
195,3,0,0
196,3,0,0
197,3,0,0
198,3,0,0
199,3,0,0
200,3,0,0
201,3,0,0
202,3,0,0
203,3,0,0
204,3,0,0
205,3,0,0
206,3,0,0
207,3,0,0
208,3,0,0
209,3,0,0
210,3,0,0
211,3,0,0
212,3,0,0
213,3,0,0
214,3,0,0
215,3,0,0
216,3,0,0
217,3,0,0
218,3,0,0
219,3,0,0
220,3,0,0
221,3,0,0
222,3,0,0
223,3,0,0
224,3,0,0
225,3,0,0
226,3,0,0
227,3,0,0
228,3,0,0
229,3,0,0
230,3,0,0
231,3,0,0
232,3,0,0
233,3,0,0
234,3,0,0
235,3,0,0
236,3,0,0
237,3,0,0
238,3,0,0
239,3,0,0
240,3,0,0
241,3,0,0
242,3,0,0
243,3,0,0
244,3,0,0
245,3,0,0
246,3,0,0
247,3,0,0
248,3,0,0
249,3,0,0
250,3,0,0
251,3,0,0
252,3,0,0
253,3,0,0
254,3,0,0
255,3,0,0
256,3,0,0
257,3,0,0
258,3,0,0
259,3,0,0
260,3,0,0
261,3,0,0
262,3,0,0
263,3,0,0
264,3,0,0
265,3,0,0
266,3,0,0
267,3,0,0
268,3,0,0
269,3,0,0
270,3,0,0
271,3,0,0
272,3,0,0
273,3,0,0
274,3,0,0
275,3,0,0
276,3,0,0
277,3,0,0
278,3,0,0
279,3,0,0
280,3,0,0
281,3,0,0
282,3,0,0
283,3,0,0
284,3,0,0
285,3,0,0
286,3,0,0
287,3,0,0
288,3,0,0
289,3,0,0
290,3,0,0
291,3,0,0
292,3,0,0
293,3,0,0
294,3,0,0
295,3,0,0
296,3,0,0
297,3,0,0
298,3,0,0
299,3,0,0
300,3,0,0
301,3,0,0
302,3,0,0
303,3,0,0
304,3,0,0
305,3,0,0
306,3,0,0
307,3,0,0
308,3,0,0
309,3,0,0
310,3,0,0
311,3,0,0
312,3,0,0
313,3,0,0
314,3,0,0
315,3,0,0
316,3,0,0
317,3,0,0
318,3,0,0
319,3,0,0
320,3,0,0
321,3,0,0
322,3,0,0
323,3,0,0
324,3,0,0
325,3,0,0
326,3,0,0
327,3,0,0
328,3,0,0
329,3,0,0
330,3,0,0
331,3,0,0
332,3,0,0
333,3,0,0
334,3,0,0
335,3,0,0
336,3,0,0
337,3,0,0
338,3,0,0
339,3,0,0
340,3,0,0
341,3,0,0
342,3,0,0
343,3,0,0
344,3,0,0
345,3,0,0
346,3,0,0
347,3,0,0
348,3,0,0
349,3,0,0
350,3,0,0
351,3,0,0
352,3,0,0
353,3,0,0
354,3,0,0
355,3,0,0
356,3,0,0
357,3,0,0
358,3,0,0
359,3,0,0
360,3,0,0
361,3,0,0
362,3,0,0
363,3,0,0
364,3,0,0
365,3,0,0
366,3,0,1
367,3,0,0
368,3,0,0
369,3,0,1
370,3,0,0
371,3,0,0
372,3,0,0
373,3,0,0
374,3,0,0
375,3,0,0
376,3,0,0
377,3,0,0
378,3,0,0
379,3,0,0
380,3,0,0
381,3,0,0
382,3,0,0
383,3,0,0
384,3,0,0
385,3,0,0
386,3,0,0
387,3,0,0
388,3,0,0
389,3,0,0
390,3,0,0
391,3,0,0
392,3,0,0
393,3,0,0
394,3,0,0
395,3,0,0
396,3,0,0
397,3,0,0
398,3,0,0
399,3,0,0
400,3,0,0
401,3,0,0
402,3,0,0
403,3,0,0
404,3,0,0
405,3,0,0
406,3,0,0
407,3,0,0
408,3,0,0
409,3,0,0
410,3,0,0
411,3,0,0
412,3,0,0
413,3,0,0
414,3,0,0
415,3,0,0
416,3,0,0
417,3,0,0
418,3,0,0
419,3,0,0
420,3,0,0
421,3,0,0
422,3,0,0
423,3,0,0
424,3,0,0
425,3,0,0
426,3,0,0
427,3,0,0
428,3,0,1
429,3,0,0
430,3,0,0
431,3,0,0
432,3,0,0
433,3,1,0
434,3,0,0
435,3,0,0
436,3,0,0
437,3,0,0
438,3,0,0
439,3,0,0
440,3,0,0
441,3,0,0
442,3,0,0
443,3,0,0
444,3,0,0
445,3,0,0
446,3,0,0
447,3,0,0
448,3,0,0
449,3,0,0
450,3,0,0
451,3,0,0
452,3,0,0
453,3,0,0
454,3,0,0
455,3,0,0
456,3,0,0
457,3,0,0
458,3,0,0
459,3,0,0
460,3,0,0
461,3,0,0
462,3,0,0
463,3,0,0
464,3,0,0
465,3,0,0
466,3,0,0
467,3,0,0
468,3,0,0
469,3,0,0
470,3,0,0
471,3,0,0
472,3,0,0
473,3,0,0
474,3,0,0
475,3,0,0
476,3,0,0
477,3,0,0
478,3,0,0
479,3,0,0
480,3,0,0
481,3,0,0
482,3,0,0
483,3,0,0
484,3,0,0
485,3,0,0
486,3,0,0
487,3,0,0
488,3,0,0
489,3,0,0
490,3,0,0
491,3,0,0
492,3,0,0
493,3,0,0
494,3,0,0
495,3,0,0
496,3,0,0
497,3,0,0
498,3,0,0
499,3,0,0
500,3,0,0
501,3,0,0
502,3,0,0
503,3,0,0
504,3,0,0
505,3,0,0
506,3,0,0
507,3,0,0
508,3,0,0
509,3,0,0
510,3,0,0
511,3,0,0
512,3,0,0
513,3,0,0
514,3,0,0
515,3,0,0
516,3,0,0
517,3,0,0
518,3,0,0
519,3,0,0
520,3,0,0
521,3,0,0
522,3,0,0
523,3,0,0
524,3,0,0
525,3,0,0
526,3,0,0
527,3,0,0
528,3,0,0
529,3,0,0
530,3,0,0
531,3,0,0
532,3,0,0
533,3,0,0
534,3,0,0
535,3,0,0
536,3,0,0
537,3,0,0
538,3,0,0
539,3,0,0
540,3,0,0
541,3,0,0
542,3,0,0
543,3,0,0
544,3,0,0
545,3,0,0
546,3,0,0
547,3,0,0
548,3,0,0
549,3,0,0
550,3,0,0
551,3,0,0
552,3,0,0
553,3,0,0
554,3,0,0
555,3,0,0
556,3,0,0
557,3,0,0
558,3,0,0
559,3,0,0
560,3,0,0
561,3,0,0
562,3,0,0
563,3,0,0
564,3,0,0
565,3,0,0
566,3,0,0
567,3,0,0
568,3,0,0
569,3,0,0
570,3,0,0
571,3,0,0
572,3,1,0
573,3,0,0
574,3,0,0
575,3,0,0
576,3,0,0
577,3,0,0
578,3,0,0
579,3,0,0
580,3,0,0
581,3,0,0
582,3,0,0
583,3,0,0
584,3,0,0
585,3,0,0
586,3,0,0
587,3,0,0
588,3,0,0
589,3,0,0
590,3,0,0
591,3,0,0
592,3,0,0
593,3,0,0
594,3,0,0
595,3,0,0
596,3,0,0
597,3,0,0
598,3,0,0
599,3,0,0
600,3,0,0
601,3,0,0
602,3,0,0
603,3,0,0
604,3,0,0
605,3,0,0
606,3,0,0
607,3,0,0
608,3,0,0
609,3,0,0
610,3,0,0
611,3,0,0
612,3,0,0
613,3,0,0
614,3,0,0
615,3,0,0
616,3,0,0
617,3,0,0
618,3,0,0
619,3,0,0
620,3,0,0
621,3,0,0
622,3,0,0
623,3,0,0
624,3,0,0
625,3,0,0
626,3,0,0
627,3,0,0
628,3,0,0
629,3,0,0
630,3,0,0
631,3,0,0
632,3,0,0
633,3,0,0
634,3,0,0
635,3,0,0
636,3,0,0
637,3,0,0
638,3,0,0
639,3,0,0
640,3,0,0
641,3,0,0
642,3,0,0
643,3,0,0
644,3,0,0
645,3,0,0
646,3,0,0
647,3,0,0
648,3,0,0
649,3,0,0
650,3,0,0
651,3,0,0
652,3,0,0
653,3,0,0
654,3,0,0
655,3,0,1
656,3,0,0
657,3,0,0
658,3,0,0
659,3,0,0
660,3,0,0
661,3,0,1
662,3,0,0
663,3,0,0
664,3,0,0
665,3,0,0
666,3,0,0
667,3,0,0
668,3,0,0
669,3,0,0
670,3,0,0
671,3,0,0
672,3,0,0
673,3,0,0
674,3,0,0
675,3,0,0
676,3,0,0
677,3,0,0
678,3,0,1
679,3,0,0
680,3,0,0
681,3,0,0
682,3,0,0
683,3,0,0
684,3,0,0
685,3,0,0
686,3,0,1
687,3,0,0
688,3,1,0
689,3,0,0
690,3,0,0
691,3,0,0
692,3,0,0
693,3,0,0
694,3,0,1
0,4,0,0
1,4,0,0
2,4,0,0
3,4,0,0
4,4,0,0
5,4,0,0
6,4,0,0
7,4,0,0
8,4,0,0
9,4,0,0
10,4,0,0
11,4,0,0
12,4,0,0
13,4,0,0
14,4,0,0
15,4,0,0
16,4,0,0
17,4,0,0
18,4,0,0
19,4,0,0
20,4,0,0
21,4,0,0
22,4,0,0
23,4,0,0
24,4,0,0
25,4,0,0
26,4,0,0
27,4,0,0
28,4,0,0
29,4,0,0
30,4,0,0
31,4,0,0
32,4,0,0
33,4,0,0
34,4,0,0
35,4,0,0
36,4,0,0
37,4,0,0
38,4,0,0
39,4,0,0
40,4,0,0
41,4,0,0
42,4,0,0
43,4,0,0
44,4,0,0
45,4,0,0
46,4,0,0
47,4,0,0
48,4,0,0
49,4,0,0
50,4,0,0
51,4,0,0
52,4,0,0
53,4,0,0
54,4,0,0
55,4,0,0
56,4,0,0
57,4,0,0
58,4,0,0
59,4,0,0
60,4,0,0
61,4,0,0
62,4,0,0
63,4,0,0
64,4,0,0
65,4,0,0
66,4,0,0
67,4,0,0
68,4,0,0
69,4,0,0
70,4,0,0
71,4,0,0
72,4,0,0
73,4,0,0
74,4,0,0
75,4,0,0
76,4,0,0
77,4,0,0
78,4,0,0
79,4,0,0
80,4,0,0
81,4,0,0
82,4,0,0
83,4,0,0
84,4,0,0
85,4,0,0
86,4,0,0
87,4,0,0
88,4,0,0
89,4,0,0
90,4,0,0
91,4,0,0
92,4,0,0
93,4,0,0
94,4,0,0
95,4,0,0
96,4,0,0
97,4,0,0
98,4,0,0
99,4,0,0
100,4,0,0
101,4,0,0
102,4,0,0
103,4,0,0
104,4,0,0
105,4,0,0
106,4,0,0
107,4,0,0
108,4,0,0
109,4,0,0
110,4,0,0
111,4,0,0
112,4,0,0
113,4,0,0
114,4,0,0
115,4,0,0
116,4,0,0
117,4,0,0
118,4,0,0
119,4,0,0
120,4,0,0
121,4,0,0
122,4,0,0
123,4,0,0
124,4,0,0
125,4,0,0
126,4,0,0
127,4,0,0
128,4,0,0
129,4,0,0
130,4,0,0
131,4,0,0
132,4,0,0
133,4,0,0
134,4,0,0
135,4,0,0
136,4,0,0
137,4,0,0
138,4,0,0
139,4,0,0
140,4,0,0
141,4,0,0
142,4,0,0
143,4,0,0
144,4,0,0
145,4,0,0
146,4,0,0
147,4,0,0
148,4,0,0
149,4,0,0
150,4,1,0
151,4,0,0
152,4,0,0
153,4,0,0
154,4,0,0
155,4,0,0
156,4,0,0
157,4,0,0
158,4,0,0
159,4,0,0
160,4,0,0
161,4,0,0
162,4,0,0
163,4,0,0
164,4,0,0
165,4,0,0
166,4,0,0
167,4,0,0
168,4,0,0
169,4,0,0
170,4,0,0
171,4,0,0
172,4,0,0
173,4,0,0
174,4,0,0
175,4,0,0
176,4,0,0
177,4,0,0
178,4,0,0
179,4,0,0
180,4,0,0
181,4,0,0
182,4,0,0
183,4,0,0
184,4,0,0
185,4,0,0
186,4,0,0
187,4,0,0
188,4,0,0
189,4,0,0
190,4,0,0
191,4,0,0
192,4,0,0
193,4,0,0
194,4,0,0
195,4,0,0
196,4,0,0
197,4,0,0
198,4,0,0
199,4,0,0
200,4,0,0
201,4,0,0
202,4,0,0
203,4,0,0
204,4,0,0
205,4,0,0
206,4,0,0
207,4,0,0
208,4,0,0
209,4,0,0
210,4,0,0
211,4,0,0
212,4,0,0
213,4,0,0
214,4,0,0
215,4,0,0
216,4,0,0
217,4,0,0
218,4,0,0
219,4,0,0
220,4,0,0
221,4,0,0
222,4,0,0
223,4,0,0
224,4,0,0
225,4,0,0
226,4,0,0
227,4,0,0
228,4,0,0
229,4,0,0
230,4,0,0
231,4,0,0
232,4,0,0
233,4,0,0
234,4,0,0
235,4,0,0
236,4,0,0
237,4,0,0
238,4,0,0
239,4,0,0
240,4,0,0
241,4,0,0
242,4,0,0
243,4,0,0
244,4,0,0
245,4,0,0
246,4,0,0
247,4,0,1
248,4,0,0
249,4,0,0
250,4,0,0
251,4,0,0
252,4,0,0
253,4,0,0
254,4,0,0
255,4,0,0
256,4,0,0
257,4,0,0
258,4,0,0
259,4,0,0
260,4,0,0
261,4,0,0
262,4,0,0
263,4,0,0
264,4,0,0
265,4,0,0
266,4,0,0
267,4,0,0
268,4,0,0
269,4,0,0
270,4,0,0
271,4,0,0
272,4,0,0
273,4,0,0
274,4,0,0
275,4,0,0
276,4,0,0
277,4,0,0
278,4,0,0
279,4,0,0
280,4,0,0
281,4,0,0
282,4,0,0
283,4,0,0
284,4,0,0
285,4,0,0
286,4,0,0
287,4,0,0
288,4,0,0
289,4,0,0
290,4,0,0
291,4,0,0
292,4,0,0
293,4,0,0
294,4,0,0
295,4,0,0
296,4,0,0
297,4,0,0
298,4,0,0
299,4,0,0
300,4,0,0
301,4,0,0
302,4,0,0
303,4,0,0
304,4,0,0
305,4,0,0
306,4,0,0
307,4,0,0
308,4,0,0
309,4,0,0
310,4,0,0
311,4,0,0
312,4,0,0
313,4,0,0
314,4,0,0
315,4,0,0
316,4,0,0
317,4,0,0
318,4,0,0
319,4,0,0
320,4,0,0
321,4,0,0
322,4,0,0
323,4,0,0
324,4,0,0
325,4,0,0
326,4,0,0
327,4,0,0
328,4,0,0
329,4,0,0
330,4,0,0
331,4,0,0
332,4,0,0
333,4,0,0
334,4,0,0
335,4,0,0
336,4,0,0
337,4,0,0
338,4,0,0
339,4,0,0
340,4,0,0
341,4,0,0
342,4,0,0
343,4,0,0
344,4,0,0
345,4,0,0
346,4,0,0
347,4,0,0
348,4,0,0
349,4,0,0
350,4,0,0
351,4,0,0
352,4,0,0
353,4,0,0
354,4,0,0
355,4,0,0
356,4,0,0
357,4,0,0
358,4,0,0
359,4,0,0
360,4,0,0
361,4,0,0
362,4,0,0
363,4,0,0
364,4,0,0
365,4,0,0
366,4,1,0
367,4,0,0
368,4,0,0
369,4,1,0
370,4,0,0
371,4,0,0
372,4,0,0
373,4,0,0
374,4,0,0
375,4,0,0
376,4,0,0
377,4,0,0
378,4,0,0
379,4,0,0
380,4,0,0
381,4,0,0
382,4,0,0
383,4,0,0
384,4,0,0
385,4,0,0
386,4,0,0
387,4,0,0
388,4,0,0
389,4,0,0
390,4,0,0
391,4,0,0
392,4,0,0
393,4,0,0
394,4,0,0
395,4,0,0
396,4,0,0
397,4,0,0
398,4,0,0
399,4,0,0
400,4,0,0
401,4,0,0
402,4,0,0
403,4,0,0
404,4,0,0
405,4,0,0
406,4,0,0
407,4,0,0
408,4,0,0
409,4,0,0
410,4,0,0
411,4,0,0
412,4,0,0
413,4,0,0
414,4,0,0
415,4,0,0
416,4,0,0
417,4,0,0
418,4,0,0
419,4,0,0
420,4,0,0
421,4,0,0
422,4,0,0
423,4,0,0
424,4,0,0
425,4,0,0
426,4,0,0
427,4,0,0
428,4,1,0
429,4,0,0
430,4,0,0
431,4,0,0
432,4,0,0
433,4,0,1
434,4,0,0
435,4,0,0
436,4,0,0
437,4,0,0
438,4,0,0
439,4,0,0
440,4,0,0
441,4,0,0
442,4,0,0
443,4,0,0
444,4,0,0
445,4,0,0
446,4,0,0
447,4,0,0
448,4,0,0
449,4,0,0
450,4,0,0
451,4,0,0
452,4,0,0
453,4,0,0
454,4,0,0
455,4,0,0
456,4,0,0
457,4,0,0
458,4,0,0
459,4,0,0
460,4,0,0
461,4,0,0
462,4,0,0
463,4,0,0
464,4,0,0
465,4,0,0
466,4,0,0
467,4,0,0
468,4,0,0
469,4,0,0
470,4,0,0
471,4,0,0
472,4,0,0
473,4,0,0
474,4,0,0
475,4,0,0
476,4,0,0
477,4,0,0
478,4,1,0
479,4,0,0
480,4,0,0
481,4,0,0
482,4,0,0
483,4,0,0
484,4,0,0
485,4,0,0
486,4,0,0
487,4,0,0
488,4,0,0
489,4,0,0
490,4,0,0
491,4,0,0
492,4,0,0
493,4,0,0
494,4,0,0
495,4,0,0
496,4,0,0
497,4,0,0
498,4,0,0
499,4,0,0
500,4,0,0
501,4,0,0
502,4,0,0
503,4,0,0
504,4,0,0
505,4,0,0
506,4,0,0
507,4,0,0
508,4,0,0
509,4,0,0
510,4,0,0
511,4,0,0
512,4,0,0
513,4,0,0
514,4,0,0
515,4,1,0
516,4,0,0
517,4,0,0
518,4,0,0
519,4,0,0
520,4,0,0
521,4,0,0
522,4,0,0
523,4,0,0
524,4,0,0
525,4,0,1
526,4,0,0
527,4,0,0
528,4,0,0
529,4,0,0
530,4,0,0
531,4,0,0
532,4,0,0
533,4,0,0
534,4,0,0
535,4,0,0
536,4,0,0
537,4,0,0
538,4,0,0
539,4,0,0
540,4,0,0
541,4,0,0
542,4,0,0
543,4,0,0
544,4,0,0
545,4,0,0
546,4,0,0
547,4,0,0
548,4,0,0
549,4,0,0
550,4,0,0
551,4,0,0
552,4,0,0
553,4,0,0
554,4,0,0
555,4,0,0
556,4,0,0
557,4,0,0
558,4,0,0
559,4,0,0
560,4,0,0
561,4,0,0
562,4,0,0
563,4,0,0
564,4,0,0
565,4,0,0
566,4,0,0
567,4,0,0
568,4,0,0
569,4,0,0
570,4,0,0
571,4,0,0
572,4,0,0
573,4,0,0
574,4,0,0
575,4,0,0
576,4,0,0
577,4,0,0
578,4,0,0
579,4,0,0
580,4,0,0
581,4,0,0
582,4,0,0
583,4,0,0
584,4,0,0
585,4,0,0
586,4,0,0
587,4,0,0
588,4,0,0
589,4,0,0
590,4,0,0
591,4,0,0
592,4,0,0
593,4,0,0
594,4,0,0
595,4,0,0
596,4,0,0
597,4,0,0
598,4,0,0
599,4,0,0
600,4,0,0
601,4,0,0
602,4,0,0
603,4,0,0
604,4,0,0
605,4,0,0
606,4,0,0
607,4,0,0
608,4,0,0
609,4,0,0
610,4,0,0
611,4,0,0
612,4,0,0
613,4,0,0
614,4,0,0
615,4,0,0
616,4,0,0
617,4,0,0
618,4,0,0
619,4,0,0
620,4,0,0
621,4,0,0
622,4,0,0
623,4,0,0
624,4,0,0
625,4,0,0
626,4,0,0
627,4,0,0
628,4,0,0
629,4,0,0
630,4,0,0
631,4,0,0
632,4,0,0
633,4,0,0
634,4,0,0
635,4,0,0
636,4,0,0
637,4,0,0
638,4,0,0
639,4,0,0
640,4,0,0
641,4,0,0
642,4,0,0
643,4,0,0
644,4,0,0
645,4,0,0
646,4,0,0
647,4,0,0
648,4,0,0
649,4,0,0
650,4,0,0
651,4,0,0
652,4,0,0
653,4,0,0
654,4,0,0
655,4,1,0
656,4,0,0
657,4,0,0
658,4,0,0
659,4,0,0
660,4,0,0
661,4,0,0
662,4,0,0
663,4,0,0
664,4,0,0
665,4,0,0
666,4,0,0
667,4,0,0
668,4,0,0
669,4,0,0
670,4,0,0
671,4,0,0
672,4,0,0
673,4,0,0
674,4,0,0
675,4,0,0
676,4,0,0
677,4,0,0
678,4,0,1
679,4,0,0
680,4,0,0
681,4,0,0
682,4,0,0
683,4,0,0
684,4,0,0
685,4,0,0
686,4,1,0
687,4,0,0
688,4,0,1
689,4,0,0
690,4,0,0
691,4,0,0
692,4,0,0
693,4,0,0
694,4,0,1
695,4,0,0
696,4,0,0
697,4,0,0
698,4,0,0
699,4,0,0
700,4,0,0
701,4,0,0
702,4,0,0
703,4,0,0
704,4,0,0
705,4,0,0
706,4,0,0
707,4,0,0
708,4,0,0
709,4,0,0
710,4,0,0
711,4,0,0
712,4,0,0
713,4,0,0
714,4,0,1
715,4,0,0
716,4,0,0
717,4,0,0
718,4,0,0
719,4,0,0
720,4,0,1
0,5,0,0
0,6,0,0
1,6,0,0
2,6,0,0
3,6,0,0
4,6,0,0
5,6,0,0
6,6,0,0
7,6,0,0
8,6,0,0
9,6,0,0
10,6,0,0
11,6,0,0
12,6,0,0
13,6,0,0
14,6,0,0
15,6,0,0
16,6,0,0
17,6,0,0
18,6,0,0
19,6,0,0
20,6,0,0
21,6,0,0
22,6,0,0
23,6,0,0
24,6,0,0
25,6,0,0
26,6,0,0
27,6,0,0
28,6,0,0
29,6,0,0
30,6,0,0
31,6,0,0
32,6,0,0
33,6,0,0
34,6,0,0
35,6,0,0
36,6,0,0
37,6,0,0
38,6,0,0
39,6,0,0
40,6,0,0
41,6,0,0
42,6,0,0
43,6,0,0
44,6,0,0
45,6,0,0
46,6,0,0
47,6,0,0
48,6,0,0
49,6,0,0
50,6,0,0
51,6,0,0
52,6,0,0
53,6,0,0
54,6,0,0
55,6,0,0
56,6,0,0
57,6,0,0
58,6,0,0
59,6,0,0
60,6,0,0
61,6,0,0
62,6,0,0
63,6,0,0
64,6,0,0
65,6,0,0
66,6,0,0
67,6,0,0
68,6,0,0
69,6,0,0
70,6,0,0
71,6,0,0
72,6,0,0
73,6,0,0
74,6,0,0
75,6,0,0
76,6,0,0
77,6,0,0
78,6,0,0
79,6,0,0
80,6,0,0
81,6,0,0
82,6,0,0
83,6,0,0
84,6,0,0
85,6,0,0
86,6,0,0
87,6,0,0
88,6,0,0
89,6,0,0
90,6,0,0
91,6,0,0
92,6,0,0
93,6,0,0
94,6,0,0
95,6,0,0
96,6,0,0
97,6,0,0
98,6,0,0
99,6,0,0
100,6,0,0
101,6,0,0
102,6,0,0
103,6,0,0
104,6,0,0
105,6,0,0
106,6,0,0
107,6,0,0
108,6,0,0
109,6,0,0
110,6,0,0
111,6,0,0
112,6,0,0
113,6,0,0
114,6,0,0
115,6,0,0
116,6,0,0
117,6,0,0
118,6,0,0
119,6,0,0
120,6,0,0
121,6,0,0
122,6,0,0
123,6,0,0
124,6,0,0
125,6,0,0
126,6,0,0
127,6,0,0
128,6,0,0
129,6,0,0
130,6,0,0
131,6,0,0
132,6,0,0
133,6,0,0
134,6,0,0
135,6,0,0
136,6,0,0
137,6,0,0
138,6,0,0
139,6,0,0
140,6,0,0
141,6,0,0
142,6,0,0
143,6,0,0
144,6,0,0
145,6,0,0
146,6,0,0
147,6,0,0
148,6,0,0
149,6,0,0
150,6,0,0
151,6,0,0
152,6,0,0
153,6,0,0
154,6,0,0
155,6,0,0
156,6,0,0
157,6,0,0
158,6,0,0
159,6,0,0
160,6,0,0
161,6,0,0
162,6,0,0
163,6,0,0
164,6,0,0
165,6,0,0
166,6,0,0
167,6,0,0
168,6,0,0
169,6,0,0
170,6,0,0
171,6,0,0
172,6,0,0
173,6,0,0
174,6,0,0
175,6,0,0
176,6,0,0
177,6,0,0
178,6,0,0
179,6,0,0
180,6,0,0
181,6,0,0
182,6,0,0
183,6,0,0
184,6,0,0
185,6,0,0
186,6,0,0
187,6,0,0
188,6,0,0
189,6,0,0
190,6,0,0
191,6,0,0
192,6,0,0
193,6,0,0
194,6,0,0
195,6,0,0
196,6,0,0
197,6,0,0
198,6,0,0
199,6,0,0
200,6,0,0
201,6,0,0
202,6,0,0
203,6,0,0
204,6,0,0
205,6,0,0
206,6,0,0
207,6,0,0
208,6,0,0
209,6,0,0
210,6,0,0
211,6,0,0
212,6,0,0
213,6,0,0
214,6,0,0
215,6,0,0
216,6,0,0
217,6,0,0
218,6,0,0
219,6,0,0
220,6,0,0
221,6,0,0
222,6,0,0
223,6,0,0
224,6,0,0
225,6,0,0
226,6,0,0
227,6,0,0
228,6,0,0
229,6,0,0
230,6,0,0
231,6,0,0
232,6,0,0
233,6,0,0
234,6,0,0
235,6,0,0
236,6,0,0
237,6,0,0
238,6,0,0
239,6,0,0
240,6,0,0
241,6,0,0
242,6,0,0
243,6,0,0
244,6,0,0
245,6,0,0
246,6,0,0
247,6,0,0
248,6,0,0
249,6,0,0
250,6,0,0
251,6,0,0
252,6,0,0
253,6,0,0
254,6,0,0
255,6,0,0
256,6,0,0
257,6,0,0
258,6,0,0
259,6,0,0
260,6,0,0
261,6,0,0
262,6,0,0
263,6,0,0
264,6,0,0
265,6,0,0
266,6,0,0
267,6,0,0
268,6,0,0
269,6,0,0
270,6,0,0
271,6,0,0
272,6,0,0
273,6,0,0
274,6,0,0
275,6,0,0
276,6,0,0
277,6,0,0
278,6,0,0
279,6,0,0
280,6,0,0
281,6,0,0
282,6,0,0
283,6,0,0
284,6,0,0
285,6,0,0
286,6,0,0
287,6,0,0
288,6,0,0
289,6,0,0
290,6,0,0
291,6,0,0
292,6,0,0
293,6,0,0
294,6,0,0
295,6,0,0
296,6,0,0
297,6,0,0
298,6,0,0
299,6,0,0
300,6,0,0
301,6,0,0
302,6,0,0
303,6,0,0
304,6,0,0
305,6,0,0
306,6,0,0
307,6,0,0
308,6,0,0
309,6,0,0
310,6,0,0
311,6,0,0
312,6,0,0
313,6,0,0
314,6,0,0
315,6,0,0
316,6,0,0
317,6,0,0
318,6,0,0
319,6,0,0
320,6,0,0
321,6,0,0
322,6,0,0
323,6,0,0
324,6,0,0
325,6,0,0
326,6,0,0
327,6,0,0
328,6,0,0
329,6,0,0
330,6,0,0
331,6,0,0
332,6,1,0
0,7,0,0
0,8,0,0
0,9,0,0
